mae,rmse,horizon_months,freq
15585.742889890833,18045.871273432058,12,MS
